"id";"nom";"marque";"categorie";"prix";"couleur";"motif_ecaille"
"8260236";"Lunettes de soleil aviateur avec emblème Medusa sur le côté";"Versace";"aviateur";"267,99 €";"Noir";"FALSE"
"8260234";"Lunettes de soleil aviateur";"Versace";"aviateur";"279,99 €";"Noir";"FALSE"
"8166034";"Lunettes de soleil aviateur";"Reclaimed Vintage";"aviateur";"27,99 €";"Doré";"FALSE"
"8576633";"Lunettes aviateur à verres transparents de forme angulaire";"ASOS";"aviateur";"16,99 €";"Réinitialiser";"FALSE"
"8424238";"Lunettes de soleil aviateur ";"Pull&Bear";"aviateur";"14,99 €";"Doré";"FALSE"
"8275328";"0RB3561 ";"Ray-Ban";"aviateur";"177,99 €";"Doré";"FALSE"
"8126256";"Lunettes aviateur rondes dorées avec verres dégradés bleu et rose";"ASOS";"aviateur";"13,99 €";"Doré";"FALSE"
"8186908";"Lunettes de soleil aviateur";"AJ Morgan";"aviateur";"20,99 €";"Noir";"FALSE"
"7932164";"Lunettes de soleil aviateur avec cache sur le côté ";"ASOS";"aviateur";"18,99 €";"Doré";"FALSE"
"8220787";"Lunettes de soleil aviateur avec verres bleus";"AJ Morgan";"aviateur";"20,99 €";"Argenté";"FALSE"
"8139171";"Lunettes de soleil aviateur à verres roses";"Jeepers Peepers";"aviateur";"32,99 €";"Doré";"FALSE"
"7784873";"Lunettes de soleil aviateur à branches métalliques ";"ASOS";"aviateur";"13,99 €";"Noir";"FALSE"
"7935818";"Lunettes de soleil aviateur ";"New Look";"aviateur";"10,99 €";"Doré";"FALSE"
"5933122";"Lunettes aviateur à verres miroir ";"ASOS";"aviateur";"10,99 €";"Argenté";"FALSE"
"8294963";"Lunettes aviateur en métal avec verres transparents irisés ";"ASOS";"aviateur";"13,99 €";"Argenté";"FALSE"
"7461915";"Lunettes de soleil aviateur avec barre supérieure dorée";"ASOS";"aviateur";"16,99 €";"Doré";"FALSE"
"8294953";"Lunettes de soleil aviateur à verres bleus ";"ASOS";"aviateur";"13,99 €";"Doré";"FALSE"
"7786153";"Lunettes de soleil aviateur en métal à verres bleus ";"ASOS";"aviateur";"16,99 €";"Bleu";"FALSE"
"8760410";"Beta Matrix ";"Spitfire";"aviateur";"37,99 €";"Argenté";"FALSE"
"8275391";"0RB3422Q ";"Ray-Ban";"aviateur";"199,99 €";"Noir";"FALSE"
"7927332";"Lunettes de soleil aviateur en métal brossé ";"ASOS";"aviateur";"13,99 €";"Cuivre";"FALSE"
"8258793";"Lunettes de soleil aviateur";"Polo Ralph Lauren";"aviateur";"235,99 €";"Marron";"FALSE"
"7932124";"Lunettes de soleil aviateur à verres plats ";"ASOS";"aviateur";"18,99 €";"Noir";"FALSE"
"8279724";"Lunettes de soleil aviateur";"Dolce & Gabbana";"aviateur";"233,99 €";"Réinitialiser";"FALSE"
"8275468";"0RB4125 ";"Ray-Ban";"aviateur";"166,99 €";"Écaille de tortue";"FALSE"
"8275402";"0RB3570 ";"Ray-Ban";"aviateur";"199,99 €";"Noir";"FALSE"
"8275342";"0RB3561 ";"Ray-Ban";"aviateur";"221,99 €";"Noir";"FALSE"
"8258790";"Lunettes de soleil aviateur";"Polo Ralph Lauren";"aviateur";"144,99 €";"Argenté";"FALSE"
"8324672";"Lunettes de soleil aviateur en métal ";"AJ Morgan";"aviateur";"20,99 €";"Doré";"FALSE"
"8258792";"Lunettes de soleil aviateur";"Polo Ralph Lauren";"aviateur";"166,99 €";"Noir";"FALSE"
"8596627";"Lunettes de soleil aviateur ";"Jack & Jones";"aviateur";"16,99 €";"Noir";"FALSE"
"8275234";"0RB3025 ";"Ray-Ban";"aviateur";"177,99 €";"Doré";"FALSE"
"8260241";"Lunettes de soleil aviateur ";"Versace";"aviateur";"231,99 €";"Doré";"FALSE"
"8258800";"Lunettes de soleil aviateur";"Polo Ralph Lauren";"aviateur";"177,99 €";"Doré";"FALSE"
"8258794";"Lunettes de soleil aviateur à verres polarisés";"Polo Ralph Lauren";"aviateur";"155,99 €";"Noir";"FALSE"
"8258848";"Lunettes de soleil aviateur ";"Quay Australia";"aviateur";"54,99 €";"Argent";"FALSE"
"8304078";"Lunettes de soleil aviateur ";"Jeepers Peepers";"aviateur";"32,99 €";"Doré";"FALSE"
"8258843";"Lunettes de soleil aviateur ";"Quay Australia";"aviateur";"54,99 €";"Bronze/marron";"FALSE"
"8304067";"Lunettes de soleil aviateur avec verres bleus ";"Jeepers Peepers";"aviateur";"24,99 €";"Noir";"FALSE"
"8548244";"Hendrix ";"Quay Australia";"aviateur";"49,99 €";"Noir";"FALSE"
"8548248";"Cassius ";"Quay Australia";"aviateur";"54,99 €";"Argenté";"FALSE"
"8566990";"Reese ";"Ted Baker";"aviateur";"116,99 €";"Doré";"FALSE"
"8326375";"Lunettes de soleil aviateur";"Jack & Jones";"aviateur";"16,99 €";"Noir";"FALSE"
"7932159";"Lunettes de soleil aviateur en métal léger ";"ASOS";"aviateur";"13,99 €";"Noir";"FALSE"
"8324669";"Lunettes de soleil aviateur en métal ";"AJ Morgan";"aviateur";"20,99 €";"Doré";"FALSE"
"8338192";"Lunettes de soleil aviateur écaille de tortue";"Tommy Hilfiger";"aviateur";"151,99 €";"Écaille";"TRUE"
"8258841";"Lunettes de soleil aviateur ";"Quay Australia";"aviateur";"54,99 €";"Noir/Fumée";"FALSE"
"7932132";"Lunettes de soleil aviateur à verres miroir ";"ASOS";"aviateur";"18,99 €";"Noir";"FALSE"
"8338180";"Inspired ";"Reclaimed Vintage";"aviateur";"27,99 €";"Doré";"FALSE"
"8139168";"Lunettes de soleil aviateur ";"Jeepers Peepers";"aviateur";"24,99 €";"Doré";"FALSE"
"8139164";"Lunettes de soleil aviateur à verres bleus";"Jeepers Peepers";"aviateur";"32,99 €";"Bleu argenté";"FALSE"
"8139040";"Lunettes de soleil aviateur ";"Jeepers Peepers";"aviateur";"32,99 €";"Doré";"FALSE"
"8275231";"0RB3025 ";"Ray-Ban";"aviateur";"166,99 €";"Argenté";"FALSE"
"7784904";"Lunettes de soleil aviateur avec verres plats et branches en métal or ";"ASOS";"aviateur";"18,99 €";"Doré";"FALSE"
"7427980";"Lunettes de soleil aviateur avec barre supérieure ";"ASOS";"aviateur";"18,99 €";"Doré";"FALSE"
"7932139";"Lunettes de soleil aviateur biseautées ";"ASOS";"aviateur";"18,99 €";"Noir";"FALSE"
"8000640";"Lunettes de soleil aviateur";"Selected Homme";"aviateur";"20,99 €";"Noir";"FALSE"
"8275322";"0RB4253 ";"Ray-Ban";"aviateur";"177,99 €";"Noir";"FALSE"
"8166044";"Lunettes de soleil aviateur";"Reclaimed Vintage";"aviateur";"27,99 €";"Noir";"FALSE"
"8166036";"Lunettes de soleil aviateur";"Reclaimed Vintage";"aviateur";"27,99 €";"Doré";"FALSE"
"7826675";"Lunettes de soleil aviateur ";"Tommy Hilfiger";"aviateur";"151,99 €";"Noir";"FALSE"
"7935917";"Lunettes de soleil aviateur ";"New Look";"aviateur";"10,99 €";"Argenté";"FALSE"
"7564620";"Lunettes de soleil aviateur";"Jeepers Peepers";"aviateur";"32,99 €";"Argenté";"FALSE"
"7903852";"Lunettes de soleil aviateur";"Esprit";"aviateur";"30,99 €";"Argenté";"FALSE"
"7903845";"Lunettes de soleil aviateur";"Esprit";"aviateur";"30,99 €";"Noir";"FALSE"
"5761528";"RB3449 ";"Ray-Ban";"aviateur";"167,99 €";"Doré";"FALSE"
"5933098";"Lunettes de soleil à point plat ";"ASOS";"barre_plate";"10,99 €";"Noir";"FALSE"
"7902534";"Lunettes rondes à verres transparents avec branches en cuivre poli";"ASOS";"verre_transparents";"10,99 €";"Réinitialiser";"FALSE"
"7786149";"Lunettes rondes à verres transparents ";"ASOS";"verre_transparents";"13,99 €";"Argenté";"FALSE"
"8799692";"Lunettes carrées à verres transparents ";"Reclaimed Vintage Inspired";"verre_transparents";"27,99 €";"Doré";"FALSE"
"8799702";"Lunettes carrées à verres transparents ";"Reclaimed Vintage Inspired";"verre_transparents";"27,99 €";"Doré";"FALSE"
"8799690";"Inspired ";"Reclaimed Vintage";"verre_transparents";"27,99 €";"Doré";"FALSE"
"8368801";"Lunettes aviateur à verres transparents ";"ASOS";"verre_transparents";"10,99 €";"Argenté";"FALSE"
"8368737";"Lunettes rétro à verres transparents ";"ASOS";"verre_transparents";"10,99 €";"Noir";"FALSE"
"7932366";"Lunettes rondes rétro à monture et verres transparents";"ASOS";"verre_transparents";"10,99 €";"Réinitialiser";"FALSE"
"8294947";"Lunettes avec verres transparents ";"ASOS";"verre_transparents";"13,99 €";"Doré";"FALSE"
"7214518";"Lunettes style rétro à verres transparents ";"ASOS";"verre_transparents";"10,99 €";"Écaille";"FALSE"
"7214529";"Lunettes rondes vintage à verres transparents ";"ASOS";"verre_transparents";"16,99 €";"Écaille";"FALSE"
"8790268";"Lunettes à verres transparents ";"Stradivarius";"verre_transparents";"14,49 €";"Argenté";"FALSE"
"7932362";"Lunettes rondes à verres transparents ";"ASOS";"verre_transparents";"13,99 €";"Doré";"FALSE"
"8294958";"Lunettes pilote en métal avec verres transparents ";"ASOS";"verre_transparents";"16,99 €";"Doré";"FALSE"
"7784923";"Lunettes rondes à verres transparents ";"ASOS";"verre_transparents";"16,99 €";"Marron";"FALSE"
"6447692";"Lunettes aviateur à verres transparents";"ASOS";"verre_transparents";"10,99 €";"Argenté";"FALSE"
"7932343";"Lunettes style rétro à verres transparents ";"ASOS";"verre_transparents";"13,99 €";"Noir";"FALSE"
"8368788";"Lunettes carrées à verres transparents ";"ASOS";"verre_transparents";"10,99 €";"Noir";"FALSE"
"7214526";"Lunettes rondes à verres transparents et pont";"ASOS";"verre_transparents";"10,99 €";"Marron";"FALSE"
"7889327";"Lunettes de soleil aviateur à verres incolores ";"ASOS";"verre_transparents";"10,99 €";"Doré";"FALSE"
"8294951";"Lunettes rétro effet bois à verres transparents ";"ASOS";"verre_transparents";"13,99 €";"Noir";"FALSE"
"8220804";"Lunettes rondes rétro ";"AJ Morgan";"verre_transparents";"20,99 €";"Noir";"FALSE"
"8064077";"Lunettes de soleil rondes avec dégradé de bordeaux à transparent et verres incolores";"ASOS";"verre_transparents";"13,99 €";"Marron";"FALSE"
"8126235";"Lunettes de soleil rondes à double monture ";"ASOS";"verre_transparents";"13,99 €";"Honey";"FALSE"
"8220809";"Lunettes rondes rétro ";"AJ Morgan";"verre_transparents";"20,99 €";"Noir";"FALSE"
"7810440";"Navigator ";"ASOS";"verre_transparents";"13,99 €";"Écaille";"FALSE"
"7784895";"Lunettes rondes à verres transparents ";"ASOS";"verre_transparents";"16,99 €";"Noir";"FALSE"
"8799694";"Lunettes aviateur à verres transparents ";"Reclaimed Vintage Inspired";"verre_transparents";"27,99 €";"Noir";"FALSE"
"8760389";"Beta Matrix ";"Spitfire";"verre_transparents";"37,99 €";"Argenté";"FALSE"
"8799703";"Lunettes aviateur à verres transparents ";"Reclaimed Vintage Inspired";"verre_transparents";"27,99 €";"Marron";"TRUE"
"8304093";"Lunettes rondes à verres transparents ";"Jeepers Peepers";"verre_transparents";"32,99 €";"Noir";"FALSE"
"7932346";"Lunettes à verres transparents ";"ASOS";"verre_transparents";"10,99 €";"Orange";"FALSE"
"7784892";"Lunettes ovales à verres transparents et monture en métal noir";"ASOS";"verre_transparents";"13,99 €";"Noir";"FALSE"
"7578384";"Lunettes à verres ronds";"Jeepers Peepers";"verre_transparents";"24,99 €";"Navy";"FALSE"
"7564816";"Lunettes à verres ronds";"Jeepers Peepers";"verre_transparents";"24,99 €";"Argenté";"FALSE"
"7459937";"Lunettes de soleil rétro avec verres transparents";"AJ Morgan";"verre_transparents";"20,99 €";"Marron";"FALSE"
"8799686";"Lunettes rondes à verres transparents ";"Reclaimed Vintage Inspired";"verre_transparents";"27,99 €";"Noir";"FALSE"
"8545692";"Lindsay ";"YHF";"verre_transparents";"54,99 €";"Noir";"FALSE"
"8799682";"Lunettes style aviateur avec verres transparents ";"Reclaimed Vintage";"verre_transparents";"27,99 €";"Doré";"FALSE"
"7932371";"Lunettes style rétro à verres transparents ";"ASOS";"verre_transparents";"13,99 €";"Marron";"FALSE"
"8324702";"Lunettes carrées à verres transparents ";"AJ Morgan";"verre_transparents";"20,99 €";"Noir";"FALSE"
"8304010";"Lunettes à monture carrée et verres transparents ";"Jeepers Peepers";"verre_transparents";"24,99 €";"Noir";"FALSE"
"8324666";"Lunettes rondes à verres transparents ";"AJ Morgan";"verre_transparents";"20,99 €";"Écaille";"FALSE"
"7902538";"Lunettes avec verres rétro clairs avec filtre protecteur bleu ";"ASOS";"verre_transparents";"21,99 €";"Noir";"FALSE"
"8338409";"Lunettes rondes à verres transparents ";"Reclaimed Vintage Inspired";"verre_transparents";"27,99 €";"Noir";"FALSE"
"8166047";"Lunettes à verres transparents exclusivité ASOS";"Reclaimed Vintage";"verre_transparents";"27,99 €";"Doré";"FALSE"
"7341102";"Lunettes rondes à monture et verres transparents";"ASOS";"verre_transparents";"10,99 €";"Réinitialiser";"FALSE"
"7182457";"0RX5154 ";"Ray-Ban";"verre_transparents";"161,99 €";"Noir";"FALSE"
"8064078";"Lunettes de soleil rétro ";"ASOS";"clubmaster_et_retro";"13,99 €";"Noir";"FALSE"
"8338403";"Inspired ";"Reclaimed Vintage";"clubmaster_et_retro";"27,99 €";"Noir";"FALSE"
"7932155";"Lunettes de soleil rétro avec verres fumés ";"ASOS";"clubmaster_et_retro";"13,99 €";"Noir";"FALSE"
"8126231";"Lunettes de soleil rétro aspect bois ";"ASOS";"clubmaster_et_retro";"13,99 €";"Argenté";"FALSE"
"8126248";"Lunettes de soleil rétro motif écaille de tortue avec détail sur les branches";"ASOS";"clubmaster_et_retro";"13,99 €";"Écaille";"TRUE"
"8064062";"Lunettes de soleil rétro contrastées noires et écaille de tortue";"ASOS";"clubmaster_et_retro";"13,99 €";"Noir";"TRUE"
"8424476";"Lunettes de soleil rétro avec branches en bois ";"Pull&Bear";"clubmaster_et_retro";"14,99 €";"Noir";"FALSE"
"8175123";"Lunettes de soleil style rétro avec détail aspect bois ";"Bershka";"clubmaster_et_retro";"10,99 €";"Noir";"FALSE"
"7750287";"Lunettes de soleil rétro";"Selected Homme";"clubmaster_et_retro";"20,99 €";"Noir";"FALSE"
"7787468";"Lunettes de soleil rétro en métal ";"ASOS";"clubmaster_et_retro";"16,99 €";"Noir";"FALSE"
"8548674";"Welborn ";"Vans";"clubmaster_et_retro";"21,99 €";"Gris";"FALSE"
"8579060";"Lunettes de soleil rétro ";"Selected Homme";"clubmaster_et_retro";"20,99 €";"Moka";"FALSE"
"8548677";"Spicoli 4 V00LC096O ";"Vans";"clubmaster_et_retro";"21,99 €";"Marron";"FALSE"
"7932134";"Lunettes de soleil rétro en métal doré ";"ASOS";"clubmaster_et_retro";"13,99 €";"Noir";"FALSE"
"8548668";"Carvey ";"Vans";"clubmaster_et_retro";"21,99 €";"Vert";"FALSE"
"8064079";"Lunettes de soleil rétro ";"ASOS";"clubmaster_et_retro";"13,99 €";"Marron";"FALSE"
"8064059";"Lunettes de soleil rétro à verres bleus effet miroir";"ASOS";"clubmaster_et_retro";"13,99 €";"Bleu";"FALSE"
"8091357";"Lunettes de soleil rétro ";"AJ Morgan";"clubmaster_et_retro";"24,99 €";"Coloris écailles de tortue mat";"TRUE"
"7615035";"Lunettes de soleil rétro";"Jack & Jones";"clubmaster_et_retro";"16,99 €";"Noir";"FALSE"
"8475434";"Luca ";"Stussy";"clubmaster_et_retro";"218,99 €";"Noir";"FALSE"
"8799701";"Lunettes de soleil rétro motif écailles";"Reclaimed Vintage Inspired";"clubmaster_et_retro";"27,99 €";"Écaille";"TRUE"
"8799688";"Inspired ";"Reclaimed Vintage";"clubmaster_et_retro";"27,99 €";"Noir";"FALSE"
"8799593";"Inspired ";"Reclaimed Vintage";"clubmaster_et_retro";"27,99 €";"Noir";"FALSE"
"8548660";"Carvey ";"Vans";"clubmaster_et_retro";"21,99 €";"Noir";"FALSE"
"8275397";"Lunettes de soleil clubmaster ";"Ray-Ban";"clubmaster_et_retro";"177,99 €";"Noir";"FALSE"
"8126241";"Lunettes de soleil rétro avec détail sur les branches ";"ASOS";"clubmaster_et_retro";"13,99 €";"Noir";"FALSE"
"8275329";"0RB3538 ";"Ray-Ban";"clubmaster_et_retro";"199,99 €";"Noir";"FALSE"
"7932130";"Lunettes de soleil rétro à branches écaille de tortue et verres bleus ";"ASOS";"clubmaster_et_retro";"13,99 €";"Noir";"TRUE"
"8275341";"0RB3016 ";"Ray-Ban";"clubmaster_et_retro";"177,99 €";"Marron";"FALSE"
"8275324";"0RB3538 ";"Ray-Ban";"clubmaster_et_retro";"166,99 €";"Noir";"FALSE"
"8304062";"Lunettes de soleil rétro ";"Jeepers Peepers";"clubmaster_et_retro";"21,99 €";"Écaille";"FALSE"
"7927317";"Lunettes de soleil rétro à branches effet écaille ";"ASOS";"clubmaster_et_retro";"13,99 €";"Noir";"TRUE"
"7784898";"Lunettes de soleil rétro ";"ASOS";"clubmaster_et_retro";"13,99 €";"Noir";"FALSE"
"8258910";"Flint ";"Quay Australia";"clubmaster_et_retro";"44,99 €";"Noir";"FALSE"
"8064067";"Lunettes de soleil rétro avec monture en écaille ";"ASOS";"clubmaster_et_retro";"13,99 €";"Marron";"TRUE"
"8424571";"Fold Back ";"Pull&Bear";"clubmaster_et_retro";"18,99 €";"Noir";"FALSE"
"8140481";"Lunettes de soleil rétro";"Spitfire";"clubmaster_et_retro";"33,99 €";"Marron";"FALSE"
"8206984";"Lunettes de soleil rondes style rétro à verres noirs ";"Bershka";"clubmaster_et_retro";"14,99 €";"Doré";"FALSE"
"8175023";"Lunettes de soleil rétro ";"Bershka";"clubmaster_et_retro";"14,99 €";"Marron";"FALSE"
"8175125";"Lunettes de soleil rondes style rétro ";"Bershka";"clubmaster_et_retro";"14,99 €";"Écaille";"FALSE"
"7987270";"Lunettes de soleil ";"Spitfire";"clubmaster_et_retro";"36,99 €";"Noir";"FALSE"
"7564806";"Lunettes de soleil rétro";"Jeepers Peepers";"clubmaster_et_retro";"24,99 €";"Noir";"FALSE"
"7688861";"Lunettes de soleil rétro";"AJ Morgan";"clubmaster_et_retro";"20,99 €";"Noir";"FALSE"
"7460117";"Lunettes de soleil rétro";"AJ Morgan";"clubmaster_et_retro";"20,99 €";"Réinitialiser";"FALSE"
"8799693";"Inspired ";"Reclaimed Vintage";"wayfarer_et_montures_carrees";"27,99 €";"Noir";"FALSE"
"8064082";"Lunettes de soleil à monture carrée ";"ASOS";"wayfarer_et_montures_carrees";"13,99 €";"Noir";"FALSE"
"8294957";"Lunettes de soleil carrées avec verres fumés ";"ASOS";"wayfarer_et_montures_carrees";"13,99 €";"Doré";"FALSE"
"8304008";"Lunettes de soleil carrées en caoutchouc ";"Jeepers Peepers";"wayfarer_et_montures_carrees";"21,99 €";"Noir";"FALSE"
"7462135";"Lunettes de soleil carrées avec branches gris acier ";"ASOS";"wayfarer_et_montures_carrees";"13,99 €";"Bordeaux";"FALSE"
"7927326";"Lunettes de soleil carrées avec branches dorées ";"ASOS";"wayfarer_et_montures_carrees";"16,99 €";"Marron";"FALSE"
"7784921";"Lunettes de soleil carrées ";"ASOS";"wayfarer_et_montures_carrees";"13,99 €";"Noir";"FALSE"
"8341207";"NY2K ";"Spitfire";"wayfarer_et_montures_carrees";"40,99 €";"Argenté";"FALSE"
"8175128";"Lunettes de soleil rétro ";"Bershka";"wayfarer_et_montures_carrees";"10,99 €";"Gris";"FALSE"
"7492632";"Welborn V5YOBLK ";"Vans";"wayfarer_et_montures_carrees";"21,99 €";"Noir";"FALSE"
"7750278";"Lunettes de soleil carrées";"Selected Homme";"wayfarer_et_montures_carrees";"20,99 €";"Noir";"FALSE"
"7903846";"Lunettes de soleil à monture carrée ";"Esprit";"wayfarer_et_montures_carrees";"30,99 €";"Noir";"FALSE"
"7492751";"Spicoli 4 VLC01S6 ";"Vans";"wayfarer_et_montures_carrees";"14,99 €";"Noir";"FALSE"
"8260233";"Lunettes de soleil carrées avec côtés cloutés";"Versace";"wayfarer_et_montures_carrees";"340,99 €";"Noir";"FALSE"
"8799586";"Inspired ";"Reclaimed Vintage";"wayfarer_et_montures_carrees";"27,99 €";"Noir";"FALSE"
"8760408";"Omnium ";"Spitfire";"wayfarer_et_montures_carrees";"40,99 €";"Noir";"FALSE"
"8760398";"Omnium ";"Spitfire";"wayfarer_et_montures_carrees";"40,99 €";"Réinitialiser";"FALSE"
"8760391";"NY2K ";"Spitfire";"wayfarer_et_montures_carrees";"40,99 €";"Noir";"FALSE"
"8275339";"0RB2183 ";"Ray-Ban";"wayfarer_et_montures_carrees";"177,99 €";"Noir";"FALSE"
"8799695";"Inspired ";"Reclaimed Vintage";"wayfarer_et_montures_carrees";"27,99 €";"Noir";"FALSE"
"8294970";"Lunettes de soleil carrées à verres jaune ";"ASOS";"wayfarer_et_montures_carrees";"13,99 €";"Noir";"FALSE"
"8275464";"0RB4340 ";"Ray-Ban";"wayfarer_et_montures_carrees";"177,99 €";"Beige";"FALSE"
"8275331";"0RB2448N ";"Ray-Ban";"wayfarer_et_montures_carrees";"166,99 €";"Noir";"FALSE"
"8275473";"0RB4340 ";"Ray-Ban";"wayfarer_et_montures_carrees";"154,99 €";"Noir";"FALSE"
"8275472";"0RB4340 ";"Ray-Ban";"wayfarer_et_montures_carrees";"166,99 €";"Écaille de tortue";"FALSE"
"8275462";"0RB4340 ";"Ray-Ban";"wayfarer_et_montures_carrees";"177,99 €";"Bleu";"FALSE"
"8275403";"0RB2132 ";"Ray-Ban";"wayfarer_et_montures_carrees";"154,99 €";"Noir";"FALSE"
"8275396";"0RB2132 ";"Ray-Ban";"wayfarer_et_montures_carrees";"154,99 €";"Marron";"FALSE"
"8176355";"Spicoli 4 ";"Vans";"wayfarer_et_montures_carrees";"14,99 €";"Blanc";"FALSE"
"8275321";"0RB4165 ";"Ray-Ban";"wayfarer_et_montures_carrees";"132,99 €";"Noir";"FALSE"
"8275334";"0RB4165 ";"Ray-Ban";"wayfarer_et_montures_carrees";"166,99 €";"Noir";"FALSE"
"8279619";"Lunettes de soleil carrées ";"Dolce & Gabbana";"wayfarer_et_montures_carrees";"245,99 €";"Écaille de tortue";"FALSE"
"8275325";"0RB2448N ";"Ray-Ban";"wayfarer_et_montures_carrees";"166,99 €";"Écaille de tortue";"FALSE"
"8275242";"0RB4147 ";"Ray-Ban";"wayfarer_et_montures_carrees";"154,99 €";"Écaille de tortue";"FALSE"
"8258784";"Lunettes carrées";"Polo Ralph Lauren";"wayfarer_et_montures_carrees";"127,99 €";"Noir";"FALSE"
"8338411";"Lunettes de soleil carrées en métal ";"Reclaimed Vintage Inspired";"wayfarer_et_montures_carrees";"27,99 €";"Argenté";"FALSE"
"8275326";"0RB4187 ";"Ray-Ban";"wayfarer_et_montures_carrees";"132,99 €";"Noir";"FALSE"
"8275240";"0RB4165 ";"Ray-Ban";"wayfarer_et_montures_carrees";"132,99 €";"Écaille de tortue";"FALSE"
"7997920";"Lunettes de soleil carrées avec verres fumés ";"ASOS";"wayfarer_et_montures_carrees";"13,99 €";"Marron";"FALSE"
"8338220";"Inspired ";"Reclaimed Vintage";"wayfarer_et_montures_carrees";"27,99 €";"Argenté";"FALSE"
"8338310";"Lunettes de soleil carrées enveloppantes ";"Reclaimed Vintage Inspired";"wayfarer_et_montures_carrees";"27,99 €";"Noir";"FALSE"
"8338307";"Inspired ";"Reclaimed Vintage";"wayfarer_et_montures_carrees";"27,99 €";"Noir";"FALSE"
"8333282";"Lunettes de soleil carrées ";"BOSS By Hugo Boss";"wayfarer_et_montures_carrees";"282,99 €";"Noir";"FALSE"
"8338182";"Lunettes de soleil carrées ";"Tommy Hilfiger";"wayfarer_et_montures_carrees";"120,99 €";"Noir";"FALSE"
"8338196";"Lunettes de soleil carrées ";"Tommy Hilfiger";"wayfarer_et_montures_carrees";"120,99 €";"Écaille";"FALSE"
"7784925";"Lunettes de soleil carrées et étroites ";"ASOS";"wayfarer_et_montures_carrees";"13,99 €";"Écaille";"FALSE"
"7997916";"Lunettes de soleil carrées avec verres fumés polarisés ";"ASOS";"wayfarer_et_montures_carrees";"21,99 €";"Noir";"FALSE"
"8258905";"Lunettes de soleil carrées motif écaille de tortue";"Quay Australia";"wayfarer_et_montures_carrees";"54,99 €";"Écaille de tortue/vert";"TRUE"
"8258907";"Lunettes de soleil carrées avec barre supérieure ";"Quay Australia";"wayfarer_et_montures_carrees";"54,99 €";"Doré/vert";"FALSE"
"8064074";"Lunettes de soleil carrées ";"ASOS";"wayfarer_et_montures_carrees";"13,99 €";"Gris";"FALSE"
"8139146";"Lunettes de soleil carrées ";"Jeeper Peepers";"wayfarer_et_montures_carrees";"24,99 €";"Noir";"FALSE"
"8241330";"Lunettes de soleil carrées";"Emporio Armani";"wayfarer_et_montures_carrees";"188,99 €";"Vert";"FALSE"
"8139157";"Lunettes de soleil carrées ";"Jeepers Peepers";"wayfarer_et_montures_carrees";"24,99 €";"Écaille de tortue";"FALSE"
"8176351";"Spicoli 4 ";"Vans";"wayfarer_et_montures_carrees";"14,99 €";"Noir";"FALSE"
"8139142";"Lunettes de soleil carrées avec double barre supérieure";"Jeepers Peepers";"wayfarer_et_montures_carrees";"24,99 €";"Noir";"FALSE"
"8176359";"Steam VA311UNLX ";"Vans";"wayfarer_et_montures_carrees";"24,99 €";"Noir";"FALSE"
"8175196";"Lunettes de soleil rétro à verres miroir ";"Bershka";"wayfarer_et_montures_carrees";"10,99 €";"Kaki";"FALSE"
"5879149";"Spicoli 4 ";"Vans";"wayfarer_et_montures_carrees";"14,99 €";"Noir";"FALSE"
"7903864";"Lunettes de soleil à monture carrée";"Esprit";"wayfarer_et_montures_carrees";"30,99 €";"Marron";"FALSE"
"7903840";"Lunettes de soleil à monture carrée";"Esprit";"wayfarer_et_montures_carrees";"30,99 €";"Noir";"FALSE"
"7564613";"Lunettes de soleil carrées";"Jeepers Peepers";"wayfarer_et_montures_carrees";"24,99 €";"Noir";"FALSE"
"7688859";"Lunettes de soleil à monture carrée et côtés contrastants";"AJ Morgan";"wayfarer_et_montures_carrees";"20,99 €";"Marron";"FALSE"
"7460107";"Lunettes de soleil carrées";"AJ Morgan";"wayfarer_et_montures_carrees";"20,99 €";"Noir";"FALSE"
"7492754";"Spicoli 4 V00LC0FZ7 ";"Vans";"wayfarer_et_montures_carrees";"21,99 €";"Bleu";"FALSE"
"7181583";"0RB4165 ";"Ray-Ban";"wayfarer_et_montures_carrees";"166,99 €";"Noir";"FALSE"
"7181582";"0RB4165 ";"Ray-Ban";"wayfarer_et_montures_carrees";"132,99 €";"Noir";"FALSE"
"3510293";"0RB2132 ";"Ray-Ban";"wayfarer_et_montures_carrees";"143,99 €";"Noir";"FALSE"
"6344835";"0RB2132 ";"Ray-Ban";"wayfarer_et_montures_carrees";"143,99 €";"Noir";"FALSE"
"6344719";"0RB4187 ";"Ray-Ban";"wayfarer_et_montures_carrees";"121,99 €";"Noir";"FALSE"
"275525";"0RB2140 902 50 ";"Ray-Ban";"wayfarer_et_montures_carrees";"154,99 €";"Marron";"FALSE"
"8294952";"Lunettes de soleil rondes avec branches à motif écaille de tortue ";"ASOS";"ronde";"13,99 €";"Doré";"TRUE"
"7785079";"Lunettes de soleil rondes avec cache sur le côté ";"ASOS";"ronde";"18,99 €";"Gunmetal";"FALSE"
"7932358";"Lunettes de soleil ovales avec verres jaunes ";"ASOS";"ronde";"10,99 €";"Blanc";"FALSE"
"8166035";"Lunettes rondes avec verres orange";"Reclaimed Vintage";"ronde";"27,99 €";"Doré";"FALSE"
"7935908";"Lunettes de soleil rondes ";"New Look";"ronde";"8,49 €";"Noir";"FALSE"
"7688650";"Lunettes de soleil rondes ";"AJ Morgan";"ronde";"20,99 €";"Marron";"FALSE"
"7932161";"Lunettes de soleil rondes en métal avec détails dorés ";"ASOS";"ronde";"13,99 €";"Noir";"FALSE"
"8064194";"Lunettes de soleil rondes en métal ";"ASOS";"ronde";"13,99 €";"Doré";"FALSE"
"6147019";"Lunettes de soleil à verres ronds style vintage";"ASOS";"ronde";"16,99 €";"Marron";"FALSE"
"8220802";"Lunettes de soleil rondes ";"AJ Morgan";"ronde";"20,99 €";"Verres dorés fumés";"FALSE"
"8338309";"Inspired ";"Reclaimed Vintage";"ronde";"27,99 €";"Noir";"FALSE"
"8091360";"Lunettes de soleil rondes ";"AJ Morgan";"ronde";"20,99 €";"Noir mat";"FALSE"
"8126249";"Lunettes de soleil rondes avec verres violets ";"ASOS";"ronde";"13,99 €";"Noir";"FALSE"
"7214111";"Lunettes de soleil rondes transparentes";"ASOS";"ronde";"10,99 €";"Réinitialiser";"FALSE"
"7785120";"Lunettes de soleil rondes à verres dégradés ";"ASOS";"ronde";"18,99 €";"Bleu";"FALSE"
"7935891";"Lunettes de soleil rétro ";"New Look";"ronde";"8,49 €";"Marron";"FALSE"
"8338321";"Inspired ";"Reclaimed Vintage";"ronde";"27,99 €";"Écaille";"FALSE"
"8760395";"Postpunk ";"Spitfire";"ronde";"36,99 €";"Rouge";"FALSE"
"8338216";"Inspired ";"Reclaimed Vintage";"ronde";"27,99 €";"Noir";"FALSE"
"8294956";"Lunettes de soleil rondes à détail vintage ";"ASOS";"ronde";"16,99 €";"Noir";"FALSE"
"7889333";"Lot de 2 paires de lunettes de soleil rondes ";"ASOS";"ronde";"20,99 €";"Noir";"FALSE"
"8126228";"Lunettes de soleil rondes à double monture ";"ASOS";"ronde";"13,99 €";"Noir";"FALSE"
"7785121";"Lunettes de soleil rondes à verres jaunes ";"ASOS";"ronde";"18,99 €";"Jaune";"FALSE"
"8761391";"Mod Star ";"Quay Australia";"ronde";"44,99 €";"Noir";"FALSE"
"7889329";"Lot de 2 paires de lunettes de soleil rondes ";"ASOS";"ronde";"18,99 €";"Multi";"FALSE"
"7932345";"Lunettes de soleil rondes à verres jaunes ";"ASOS";"ronde";"13,99 €";"Argenté";"FALSE"
"7785085";"Lunettes de soleil rondes vintage motif écaille de tortue avec détail doré";"ASOS";"ronde";"16,99 €";"Écaille";"TRUE"
"7785088";"Lunettes de soleil rondes à verres effet miroir ";"ASOS";"ronde";"16,99 €";"Noir";"FALSE"
"8064085";"Lunettes de soleil rondes ";"ASOS";"ronde";"13,99 €";"Olive";"FALSE"
"8760406";"Lennon2 ";"Spitfire";"ronde";"36,99 €";"Argenté";"FALSE"
"8294949";"Lunettes de soleil rondes à verres plats ";"ASOS";"ronde";"13,99 €";"Noir";"FALSE"
"8760407";"Postpunk ";"Spitfire";"ronde";"36,99 €";"Jaune";"FALSE"
"8799589";"Inspired ";"Reclaimed Vintage";"ronde";"27,99 €";"Écaille";"FALSE"
"8629374";"Lunettes de soleil rondes en métal ";"ASOS";"ronde";"13,99 €";"Gunmetal";"FALSE"
"8294967";"Lunettes de soleil rondes avec détail sur le haut ";"ASOS";"ronde";"18,99 €";"Argenté";"FALSE"
"7786415";"Lunettes de soleil rondes avec empiècements dorés ";"ASOS";"ronde";"16,99 €";"Noir";"FALSE"
"7932369";"Lunettes de soleil rondes en métal ";"ASOS";"ronde";"18,99 €";"Noir";"FALSE"
"8126232";"Lunettes de soleil rondes à verres orange ";"ASOS";"ronde";"13,99 €";"Argenté";"FALSE"
"8279623";"Lunettes de soleil rondes";"Dolce & Gabbana";"ronde";"270,99 €";"Argenté";"FALSE"
"8333313";"Lunettes de soleil rondes ";"BOSS By Hugo Boss";"ronde";"282,99 €";"Noir";"FALSE"
"8285689";"Lunettes de soleil rondes avec cache sur le côté ";"ASOS";"ronde";"18,99 €";"Noir";"FALSE"
"7614878";"Lunettes de soleil rondes à verres bleus";"Jack & Jones";"ronde";"16,99 €";"Noir";"FALSE"
"7876027";"Lunettes de soleil rondes ";"Spitfire";"ronde";"36,99 €";"Doré";"FALSE"
"6147021";"Lunettes de soleil rondes ";"ASOS";"ronde";"10,99 €";"Noir";"FALSE"
"7927343";"Lunettes de soleil rondes avec détails sur les branches ";"ASOS";"ronde";"16,99 €";"Noir";"FALSE"
"8760394";"Lennon ";"Spitfire";"ronde";"32,99 €";"Argenté";"FALSE"
"8579062";"Lunettes de soleil rondes ";"Selected Homme";"ronde";"20,99 €";"Noir";"FALSE"
"7786419";"Lunettes de soleil rondes avec monture orange givrée ";"ASOS";"ronde";"16,99 €";"Orange";"FALSE"
"7932357";"Lunettes de soleil rondes métalliques à verres dorés flashy ";"ASOS";"ronde";"18,99 €";"Noir";"FALSE"
"8279728";"Lunettes de soleil rondes";"Dolce & Gabbana";"ronde";"345,99 €";"Noir";"FALSE"
"8260243";"Lunettes de soleil rondes avec verres miroir";"Versace";"ronde";"279,99 €";"Doré";"FALSE"
"7927345";"Lot de 2 lunettes de soleil à monture métallique ronde ";"ASOS";"ronde";"22,99 €";"Multi";"FALSE"
"8220806";"Lunettes de soleil rondes ";"AJ Morgan";"ronde";"20,99 €";"Verres dorés fumés";"FALSE"
"8304013";"Lunettes de soleil rondes à verres bleus ";"Jeepers Peepers";"ronde";"24,99 €";"Noir";"FALSE"
"7932348";"Lunettes de soleil rondes avec verres bleus ";"ASOS";"ronde";"13,99 €";"Argenté";"FALSE"
"7785117";"Lunettes de soleil rondes avec monture superposée ";"ASOS";"ronde";"18,99 €";"Noir";"FALSE"
"8275401";"0RB3475Q ";"Ray-Ban";"ronde";"210,99 €";"Noir";"FALSE"
"7786408";"Lunettes de soleil rondes en cuivre brossé";"ASOS";"ronde";"16,99 €";"Cuivre";"FALSE"
"7784929";"Lunettes de soleil ovales ";"ASOS";"ronde";"16,99 €";"Noir";"FALSE"
"8341203";"FTL ";"Spitfire";"ronde";"39,99 €";"Vert";"FALSE"
"7784911";"Lunettes de soleil rondes à verres miroir ";"ASOS";"ronde";"16,99 €";"Noir";"FALSE"
"8304072";"Lunettes de soleil rondes ";"Jeepers Peepers";"ronde";"32,99 €";"Noir";"FALSE"
"8338317";"Lunettes de soleil rondes en métal avec verres miroir ";"Reclaimed Vintage Inspired";"ronde";"27,99 €";"Noir";"FALSE"
"8341302";"Nexus ";"Spitfire";"ronde";"39,99 €";"Argenté";"FALSE"
"7578393";"Lunettes de soleil rondes";"Jeepers Peepers";"ronde";"24,99 €";"Marron";"FALSE"
"8166050";"Lunettes de soleil rondes";"Reclaimed Vintage";"ronde";"27,99 €";"Cuivre";"FALSE"
"8175021";"Lunettes de soleil rondes à verres effet miroir";"Bershka";"ronde";"14,99 €";"Noir";"FALSE"
"8091343";"Lunettes de soleil rondes ";"AJ Morgan";"ronde";"20,99 €";"Noir";"FALSE"
"7482517";"Lunettes de soleil ovales à bords arrondis ";"ASOS";"ronde";"13,99 €";"Rouge";"FALSE"
"7564614";"Lunettes de soleil rondes";"Jeepers Peepers";"ronde";"32,99 €";"Noir";"FALSE"
"7688873";"Lunettes de soleil rondes";"AJ Morgan";"ronde";"20,99 €";"Doré";"FALSE"
"7465239";"Lunettes de soleil rondes";"Spitfire";"ronde";"36,99 €";"Réinitialiser";"FALSE"
"7465242";"Lunettes de soleil rondes";"Spitfire";"ronde";"36,99 €";"Noir";"FALSE"
"7181806";"0RB3447 ";"Ray-Ban";"ronde";"154,99 €";"Doré";"FALSE"
"6147018";"Lunettes de soleil rondes à monture dégradée du marron au transparent avec pont découpé en serrure";"ASOS";"ronde";"13,99 €";"Marron";"FALSE"
"8294946";"Lunettes de soleil rondes écaille de tortue avec détail en métal";"ASOS";"ronde";"16,99 €";"Marron";"TRUE"
"8275451";"0RB4224 ";"Ray-Ban";"ronde";"233,99 €";"Blanc";"FALSE"
"8799696";"Inspired ";"Reclaimed Vintage";"ronde";"27,99 €";"Écaille";"FALSE"
"8338305";"Lunettes de soleil rondes ";"Tommy Hilfiger";"ronde";"206,99 €";"Rouge";"FALSE"
"8799595";"Inspired ";"Reclaimed Vintage";"ronde";"27,99 €";"Noir";"FALSE"
"8799697";"Inspired ";"Reclaimed Vintage";"ronde";"27,99 €";"Argenté";"FALSE"
"7927333";"Lunettes de soleil rondes à verres superposés ";"ASOS";"ronde";"18,99 €";"Noir";"FALSE"
"8260215";"Lunettes de soleil rondes à pont plat";"Versace";"ronde";"231,99 €";"Noir";"FALSE"
"8275390";"0RB3579N ";"Ray-Ban";"ronde";"177,99 €";"Noir";"FALSE"
"8220791";"Lunettes de soleil rondes ";"AJ Morgan";"ronde";"20,99 €";"Écaille";"FALSE"
"8364657";"Gatsby ";"Ray-Ban";"ronde";"154,99 €";"Noir";"FALSE"
"8275471";"0RB3747 ";"Ray-Ban";"ronde";"188,99 €";"Noir";"FALSE"
"8275461";"0RB3747 ";"Ray-Ban";"ronde";"177,99 €";"Doré";"FALSE"
"8275457";"Gatsby 0RB4256 ";"Ray-Ban";"ronde";"154,99 €";"Noir";"FALSE"
"8275456";"0RB3747 ";"Ray-Ban";"ronde";"188,99 €";"Argenté";"FALSE"
"8275410";"0RB3574N ";"Ray-Ban";"ronde";"177,99 €";"Noir";"FALSE"
"8275408";"Jajo ";"Ray-Ban";"ronde";"188,99 €";"Doré";"FALSE"
"8275404";"0RB3574N ";"Ray-Ban";"ronde";"199,99 €";"Argenté";"FALSE"
"8275398";"0RB3647N ";"Ray-Ban";"ronde";"166,99 €";"Noir";"FALSE"
"8275395";"Jajo ";"Ray-Ban";"ronde";"166,99 €";"Doré";"FALSE"
"8338328";"Inspired ";"Reclaimed Vintage";"ronde";"27,99 €";"Argenté";"FALSE"
"7785094";"Noir";"ASOS -Lunettes de soleil rondes à monture en métal noir mat";"ronde";"16,99 €";"Noir";"FALSE"
"8275332";"0RB4246 ";"Ray-Ban";"ronde";"166,99 €";"Marron";"FALSE"
"8275319";"0RB2180 ";"Ray-Ban";"ronde";"154,99 €";"Marron";"FALSE"
"8258796";"Lunettes rondes";"Polo Ralph Lauren";"ronde";"144,99 €";"Doré";"FALSE"
"8241337";"Lunettes de soleil rondes";"Emporio Armani";"ronde";"163,99 €";"Marron";"FALSE"
"8275340";"0RB2447 ";"Ray-Ban";"ronde";"221,99 €";"Noir";"FALSE"
"8275327";"Club 0RB4246 ";"Ray-Ban";"ronde";"166,99 €";"Noir";"FALSE"
"8275330";"0RB2447 ";"Ray-Ban";"ronde";"166,99 €";"Écaille de tortue";"FALSE"
"8220785";"Lunettes de soleil rondes transparentes";"AJ Morgan";"ronde";"20,99 €";"Réinitialiser";"FALSE"
"7786403";"Lunettes de soleil rondes écailles avec barre dorée";"ASOS";"ronde";"13,99 €";"Écaille";"TRUE"
"8241342";"Lunettes de soleil rondes";"Emporio Armani";"ronde";"176,99 €";"Noir";"FALSE"
"8241338";"Lunettes de soleil rondes";"Emporio Armani";"ronde";"128,99 €";"Argenté";"FALSE"
"8333306";"Lunettes de soleil rondes ";"BOSS by Hugo Boss";"ronde";"282,99 €";"Écaille";"FALSE"
"8341304";"Lennon ";"Spitfire";"ronde";"32,99 €";"Bleu";"FALSE"
"8304060";"Lunettes de soleil rondes ";"Jeepers Peepers";"ronde";"24,99 €";"Écaille";"FALSE"
"8548251";"Camden Heights ";"Quay Australia";"ronde";"54,99 €";"Noir";"FALSE"
"8548238";"Mod Star ";"Quay Australia";"ronde";"54,99 €";"Noir";"FALSE"
"7932359";"Lunettes de soleil ovales à verres bleus ";"ASOS";"ronde";"13,99 €";"Réinitialiser";"FALSE"
"7932341";"Lunettes de soleil ovales ";"ASOS";"ronde";"10,99 €";"Jaune";"FALSE"
"8338191";"Lunettes de soleil rondes ";"Tommy Hilfiger";"ronde";"164,99 €";"Noir";"FALSE"
"8338183";"Lunettes de soleil rondes ";"Tommy Hilfiger";"ronde";"139,99 €";"Noir";"FALSE"
"7785095";"Lunettes de soleil rondes en métal avec verres flashy dorés ";"ASOS";"ronde";"18,99 €";"Doré";"FALSE"
"7296132";"Stable Horn ";"Han Kjobenhavn";"ronde";"181,99 €";"Marron";"FALSE"
"8069394";"Finley ";"Komono";"ronde";"108,99 €";"Argenté";"FALSE"
"8064071";"Lunettes de soleil rondes ";"ASOS";"ronde";"13,99 €";"Gris";"FALSE"
"7784893";"Lunettes de soleil rondes à verres rouges superposés ";"ASOS";"ronde";"18,99 €";"Rouge";"FALSE"
"8304074";"Lunettes de soleil rondes à monture noire et verres roses";"Jeepers Peepers";"ronde";"32,99 €";"Noir";"FALSE"
"8338337";"Inspired ";"Reclaimed Vintage";"ronde";"27,99 €";"Noir";"FALSE"
"8338332";"Inspired ";"Reclaimed Vintage";"ronde";"27,99 €";"Argenté";"FALSE"
"8338306";" Lunettes de soleil rondes en métal effet écailles de tortue";"Reclaimed Vintage Inspired";"ronde";"27,99 €";"Noir";"TRUE"
"8139150";"Lunettes de soleil rondes à verres argentés";"Jeepers Peepers";"ronde";"24,99 €";"Noir argenté";"FALSE"
"8338313";"Inspired ";"Reclaimed Vintage";"ronde";"27,99 €";"Doré";"TRUE"
"8139159";"Lunettes de soleil rondes avec verres bleus";"Jeeper Peepers";"ronde";"24,99 €";"Doré et bleu";"FALSE"
"8241340";"Lunettes de soleil rondes";"Emporio Armani";"ronde";"199,99 €";"Noir";"FALSE"
"7785102";"Lunettes de soleil vintage rondes avec branches fantaisie ";"ASOS";"ronde";"16,99 €";"Noir";"FALSE"
"7427959";"Lunettes de soleil rondes métallisées à verres dégradés bleus";"ASOS";"ronde";"13,99 €";"Bleu";"FALSE"
"8220810";"Lunettes de soleil rondes ";"AJ Morgan";"ronde";"20,99 €";"Noir";"FALSE"
"7427954";"Lunettes de soleil rondes métalliques à verres plats ";"ASOS";"ronde";"13,99 €";"Noir";"FALSE"
"8069400";"Hollis ";"Komono";"ronde";"108,99 €";"Noir";"FALSE"
"8000632";"Lunettes de soleil rondes ";"Selected Homme";"ronde";"20,99 €";"Marron";"FALSE"
"8000635";"Lunettes de soleil rondes";"Selected Homme";"ronde";"20,99 €";"Marron";"FALSE"
"8000628";"Lunettes de soleil rondes ";"Selected Homme";"ronde";"20,99 €";"Marron";"FALSE"
"8139160";"Lunettes de soleil rondes ";"Jeepers Peepers";"ronde";"24,99 €";"Noir";"FALSE"
"8139139";"Lunettes de soleil rondes avec verres relevables effet miroir";"Jeepers Peepers";"ronde";"32,99 €";"Noir";"FALSE"
"7928785";"Transfer ";"Weekday";"ronde";"11,99 €";"Marron";"FALSE"
"8186888";"Lunettes de soleil rondes ";"AJ Morgan";"ronde";"20,99 €";"Noir";"FALSE"
"8186906";"Lunettes de soleil rondes ";"AJ Morgan";"ronde";"20,99 €";"Coloris écailles de tortue mat";"TRUE"
"8166052";"Inspired ";"Reclaimed Vintage";"ronde";"27,99 €";"Noir";"FALSE"
"8186901";"Lunettes de soleil rondes";"AJ Morgan";"ronde";"20,99 €";"Bronze";"FALSE"
"8186894";"Lunettes de soleil rondes ";"AJ Morgan";"ronde";"20,99 €";"Gris mat écaille de tortue";"TRUE"
"8131025";"Brightwell ";"Jack Wills";"ronde";"53,99 €";"Marron 010";"TRUE"
"8186873";"Lunettes de soleil rondes ";"AJ Morgan";"ronde";"20,99 €";"Gris";"FALSE"
"8186883";"Lunettes de soleil rondes ";"AJ Morgan";"ronde";"20,99 €";"Argent/bleu miroir";"FALSE"
"8091352";"Lunettes de soleil rondes ";"AJ Morgan";"ronde";"20,99 €";"Écaille";"FALSE"
"8140479";"Lunettes de soleil rondes";"Spitfire";"ronde";"35,99 €";"Noir";"FALSE"
"8166037";"Lunettes de soleil rondes ";"Reclaimed Vintage";"ronde";"27,99 €";"Écaille";"FALSE"
"8166033";"Lunettes de soleil rondes ";"Reclaimed Vintage";"ronde";"27,99 €";"Écaille";"FALSE"
"8166041";"Lunettes de soleil rondes ";"Reclaimed Vintage";"ronde";"27,99 €";"Noir";"FALSE"
"8175035";"Lunettes de soleil rondes à double barre ";"Bershka";"ronde";"14,99 €";"Noir";"FALSE"
"8110479";"Lunettes de soleil rondes avec pont ";"Spitfire";"ronde";"36,99 €";"Argenté";"FALSE"
"8110465";"Lunettes de soleil rondes avec monture jaune";"Spitfire";"ronde";"36,99 €";"Jaune";"FALSE"
"7427965";"Lunettes de soleil rondes en métal avec verres or rose";"ASOS";"ronde";"13,99 €";"Doré";"FALSE"
"8091462";"Lunettes de soleil rondes ";"AJ Morgan";"ronde";"20,99 €";"Écaille";"FALSE"
"7750275";"Lunettes de soleil rondes";"Selected Homme";"ronde";"20,99 €";"Noir";"FALSE"
"8049048";"Lunettes de soleil rondes ";"AJ Morgan";"ronde";"20,99 €";"Marron";"FALSE"
"7750299";"Lunettes de soleil rondes";"Selected Homme";"ronde";"20,99 €";"Noir";"FALSE"
"7829813";"Barstow ";"Monokel Eyewear";"ronde";"128,99 €";"Marron";"FALSE"
"7829811";"Bartstow ";"Monokel Eyewear";"ronde";"108,99 €";"Orange";"FALSE"
"7564800";"Lunettes de soleil rondes";"Jeepers Peepers";"ronde";"24,99 €";"Marron";"FALSE"
"7428065";"Lunettes de soleil en forme de cœur ";"ASOS";"ronde";"10,99 €";"Noir";"FALSE"
"7829807";"Nelson ";"Monokel Eyewear";"ronde";"108,99 €";"Noir";"FALSE"
"7829806";"Barstow ";"Monokel Eyewear";"ronde";"108,99 €";"Vert";"FALSE"
"7829801";"Nelson ";"Monokel Eyewear";"ronde";"108,99 €";"Marron";"FALSE"
"7829797";"Barstow ";"Monokel Eyewear";"ronde";"108,99 €";"Noir";"FALSE"
"7554930";"Lunettes de soleil rondes";"Jeepers Peepers";"ronde";"32,99 €";"Noir";"FALSE"
"7688857";"Lunettes rondes";"AJ Morgan";"ronde";"20,99 €";"Noir";"FALSE"
"7876029";"Lunettes de soleil rondes ";"Spitfire";"ronde";"36,99 €";"Noir";"FALSE"
"7554934";"Lunettes de soleil rondes";"Jeepers Peepers";"ronde";"32,99 €";"Doré";"FALSE"
"7086315";"Lunettes de soleil rondes en métal ";"ASOS";"ronde";"10,99 €";"Doré";"FALSE"
"7460109";"Lunettes de soleil rondes";"AJ Morgan";"ronde";"20,99 €";"Réinitialiser";"FALSE"
"7465245";"Lunettes de soleil rondes";"Spitfire";"ronde";"36,99 €";"Marron";"FALSE"
"7460112";"Lunettes de soleil rondes";"AJ Morgan";"ronde";"20,99 €";"Jaune";"FALSE"
"3510387";"Erika ";"Ray-Ban";"ronde";"143,99 €";"Noir";"FALSE"